<?xml version="1.0" encoding="UTF-8"?>
<configurationDescriptor version="80">
  <logicalFolder name="root" displayName="root" projectFiles="true" kind="ROOT">
    <logicalFolder name="HeaderFiles"
                   displayName="Header Files"
                   projectFiles="true">
      <logicalFolder name="libanon" displayName="libanon" projectFiles="true">
        <logicalFolder name="attr" displayName="attr" projectFiles="true">
          <itemPath>../../../../../include/libanon/attr/all_anAttr.h</itemPath>
          <itemPath>../../../../../include/libanon/attr/anAttr.h</itemPath>
          <itemPath>../../../../../include/libanon/attr/anAttrConnection.h</itemPath>
          <itemPath>../../../../../include/libanon/attr/anAttrInst.h</itemPath>
          <itemPath>../../../../../include/libanon/attr/anAttrSpec.h</itemPath>
          <itemPath>../../../../../include/libanon/attr/anAttrType.h</itemPath>
          <itemPath>../../../../../include/libanon/attr/anAttrType_enum.h</itemPath>
          <itemPath>../../../../../include/libanon/attr/anAttr_Array.h</itemPath>
          <itemPath>../../../../../include/libanon/attr/anAttr_CVec2.h</itemPath>
          <itemPath>../../../../../include/libanon/attr/anAttr_CVec3.h</itemPath>
          <itemPath>../../../../../include/libanon/attr/anAttr_Compound.h</itemPath>
          <itemPath>../../../../../include/libanon/attr/anAttr_Matrix4.h</itemPath>
          <itemPath>../../../../../include/libanon/attr/anAttr_Mesh3.h</itemPath>
          <itemPath>../../../../../include/libanon/attr/anAttr_Primitive.h</itemPath>
        </logicalFolder>
        <logicalFolder name="base" displayName="base" projectFiles="true">
          <itemPath>../../../../../include/libanon/base/anActionHistory.h</itemPath>
          <itemPath>../../../../../include/libanon/base/anContext.h</itemPath>
          <itemPath>../../../../../include/libanon/base/anGLRenderRequest.h</itemPath>
          <itemPath>../../../../../include/libanon/base/anMesh3.h</itemPath>
          <itemPath>../../../../../include/libanon/base/anProject.h</itemPath>
          <itemPath>../../../../../include/libanon/base/anScene.h</itemPath>
          <itemPath>../../../../../include/libanon/base/anSelectionList.h</itemPath>
          <itemPath>../../../../../include/libanon/base/anStatus_enum.h</itemPath>
          <itemPath>../../../../../include/libanon/base/an_convert.h</itemPath>
          <itemPath>../../../../../include/libanon/base/libanon_define.h</itemPath>
        </logicalFolder>
        <logicalFolder name="node" displayName="node" projectFiles="true">
          <logicalFolder name="anim" displayName="anim" projectFiles="true">
            <itemPath>../../../../../include/libanon/node/anim/anNode_AnimCurve.h</itemPath>
          </logicalFolder>
          <logicalFolder name="dag" displayName="dag" projectFiles="true">
            <logicalFolder name="shape" displayName="shape" projectFiles="true">
              <logicalFolder name="mesh" displayName="mesh" projectFiles="true">
              </logicalFolder>
              <itemPath>../../../../../include/libanon/node/dag/shape/anNode_Mesh.h</itemPath>
              <itemPath>../../../../../include/libanon/node/dag/shape/anNode_Shape.h</itemPath>
            </logicalFolder>
            <logicalFolder name="transform" displayName="transform" projectFiles="true">
              <itemPath>../../../../../include/libanon/node/dag/transform/anNode_Transform.h</itemPath>
            </logicalFolder>
            <itemPath>../../../../../include/libanon/node/dag/anNode_DAG.h</itemPath>
          </logicalFolder>
          <logicalFolder name="meshModifier"
                         displayName="meshModifier"
                         projectFiles="true">
            <itemPath>../../../../../include/libanon/node/meshModifier/anNode_BlendShape.h</itemPath>
            <itemPath>../../../../../include/libanon/node/meshModifier/anNode_Deformer.h</itemPath>
            <itemPath>../../../../../include/libanon/node/meshModifier/anNode_MeshModifier.h</itemPath>
          </logicalFolder>
          <logicalFolder name="shader" displayName="shader" projectFiles="true">
            <itemPath>../../../../../include/libanon/node/shader/anNode_Shader.h</itemPath>
          </logicalFolder>
          <itemPath>../../../../../include/libanon/node/all_anNode.h</itemPath>
          <itemPath>../../../../../include/libanon/node/anNode.h</itemPath>
          <itemPath>../../../../../include/libanon/node/anNodeSpec.h</itemPath>
          <itemPath>../../../../../include/libanon/node/anNodeType.h</itemPath>
          <itemPath>../../../../../include/libanon/node/anNodeType_enum.h</itemPath>
          <itemPath>../../../../../include/libanon/node/anNode_SceneRoot.h</itemPath>
        </logicalFolder>
        <itemPath>../../../../../include/libanon/libanon.h</itemPath>
      </logicalFolder>
    </logicalFolder>
    <logicalFolder name="ResourceFiles"
                   displayName="Resource Files"
                   projectFiles="true">
    </logicalFolder>
    <logicalFolder name="SourceFiles"
                   displayName="Source Files"
                   projectFiles="true">
      <logicalFolder name="src" displayName="src" projectFiles="true">
        <logicalFolder name="attr" displayName="attr" projectFiles="true">
          <itemPath>../../../src/attr/anAttr.cpp</itemPath>
          <itemPath>../../../src/attr/anAttrConnection.cpp</itemPath>
          <itemPath>../../../src/attr/anAttrInst.cpp</itemPath>
          <itemPath>../../../src/attr/anAttrSpec.cpp</itemPath>
          <itemPath>../../../src/attr/anAttr_CVec2.cpp</itemPath>
          <itemPath>../../../src/attr/anAttr_CVec3.cpp</itemPath>
          <itemPath>../../../src/attr/anAttr_Compound.cpp</itemPath>
          <itemPath>../../../src/attr/anAttr_Matrix4.cpp</itemPath>
          <itemPath>../../../src/attr/anAttr_Mesh3.cpp</itemPath>
          <itemPath>../../../src/attr/anAttr_Primitive.cpp</itemPath>
        </logicalFolder>
        <logicalFolder name="base" displayName="base" projectFiles="true">
          <itemPath>../../../src/base/anActionHistory.cpp</itemPath>
          <itemPath>../../../src/base/anContext.cpp</itemPath>
          <itemPath>../../../src/base/anGLRenderRequest.cpp</itemPath>
          <itemPath>../../../src/base/anMesh3.cpp</itemPath>
          <itemPath>../../../src/base/anScene.cpp</itemPath>
          <itemPath>../../../src/base/anSelectionList.cpp</itemPath>
        </logicalFolder>
        <logicalFolder name="components" displayName="components" projectFiles="true">
          <itemPath>../../../src/components/anCTransform.cpp</itemPath>
          <itemPath>../../../src/components/anComponent.cpp</itemPath>
        </logicalFolder>
        <logicalFolder name="node" displayName="node" projectFiles="true">
          <logicalFolder name="anim" displayName="anim" projectFiles="true">
            <itemPath>../../../src/node/anim/anNode_AnimCurve.cpp</itemPath>
          </logicalFolder>
          <logicalFolder name="dag" displayName="dag" projectFiles="true">
            <logicalFolder name="shape" displayName="shape" projectFiles="true">
              <logicalFolder name="mesh" displayName="mesh" projectFiles="true">
              </logicalFolder>
              <itemPath>../../../src/node/dag/shape/anNode_Mesh.cpp</itemPath>
              <itemPath>../../../src/node/dag/shape/anNode_Shape.cpp</itemPath>
            </logicalFolder>
            <logicalFolder name="transform" displayName="transform" projectFiles="true">
              <itemPath>../../../src/node/dag/transform/anNode_Transform.cpp</itemPath>
            </logicalFolder>
            <itemPath>../../../src/node/dag/anNode_DAG.cpp</itemPath>
          </logicalFolder>
          <logicalFolder name="meshModifier"
                         displayName="meshModifier"
                         projectFiles="true">
            <itemPath>../../../src/node/meshModifier/anNode_BlendShape.cpp</itemPath>
            <itemPath>../../../src/node/meshModifier/anNode_Deformer.cpp</itemPath>
            <itemPath>../../../src/node/meshModifier/anNode_MeshModifier.cpp</itemPath>
          </logicalFolder>
          <logicalFolder name="shader" displayName="shader" projectFiles="true">
            <itemPath>../../../src/node/shader/anNode_Shader.cpp</itemPath>
          </logicalFolder>
          <itemPath>../../../src/node/anNode.cpp</itemPath>
          <itemPath>../../../src/node/anNodeSpec.cpp</itemPath>
          <itemPath>../../../src/node/anNodeType.cpp</itemPath>
          <itemPath>../../../src/node/anNode_SceneRoot.cpp</itemPath>
        </logicalFolder>
        <logicalFolder name="precompiled_header"
                       displayName="precompiled_header"
                       projectFiles="true">
          <itemPath>../../../src/precompiled_header/precompiled_header.cpp</itemPath>
          <itemPath>../../../src/precompiled_header/precompiled_header.h</itemPath>
        </logicalFolder>
      </logicalFolder>
    </logicalFolder>
    <logicalFolder name="TestFiles"
                   displayName="Test Files"
                   projectFiles="false"
                   kind="TEST_LOGICAL_FOLDER">
    </logicalFolder>
    <logicalFolder name="ExternalFiles"
                   displayName="Important Files"
                   projectFiles="false"
                   kind="IMPORTANT_FILES_FOLDER">
      <itemPath>Makefile</itemPath>
    </logicalFolder>
  </logicalFolder>
  <sourceRootList>
    <Elem>../../../src</Elem>
    <Elem>../../../../../include/libanon</Elem>
  </sourceRootList>
  <projectmakefile>Makefile</projectmakefile>
  <confs>
    <conf name="Debug" type="3">
      <toolsSet>
        <remote-sources-mode>LOCAL_SOURCES</remote-sources-mode>
        <compilerSet>default</compilerSet>
      </toolsSet>
      <compileType>
        <ccTool>
          <incDir>
            <pElem>../../../../../include</pElem>
            <pElem>../../../../../../libax/include</pElem>
          </incDir>
          <commandLine>${axCCFLAGS}</commandLine>
        </ccTool>
        <archiverTool>
          <output>../../../../../lib/${CND_PLATFORM}/${CND_CONF}/libanon.a</output>
        </archiverTool>
      </compileType>
    </conf>
    <conf name="Release" type="3">
      <toolsSet>
        <remote-sources-mode>LOCAL_SOURCES</remote-sources-mode>
        <compilerSet>default</compilerSet>
      </toolsSet>
      <compileType>
        <cTool>
          <developmentMode>5</developmentMode>
        </cTool>
        <ccTool>
          <developmentMode>5</developmentMode>
          <incDir>
            <pElem>../../../../../include</pElem>
            <pElem>../../../../../../libax/include</pElem>
          </incDir>
          <commandLine>${axCCFLAGS}</commandLine>
        </ccTool>
        <fortranCompilerTool>
          <developmentMode>5</developmentMode>
        </fortranCompilerTool>
        <asmTool>
          <developmentMode>5</developmentMode>
        </asmTool>
        <archiverTool>
          <output>../../../../../lib/${CND_PLATFORM}/${CND_CONF}/libanon.a</output>
        </archiverTool>
      </compileType>
    </conf>
  </confs>
</configurationDescriptor>
