<?xml version="1.0" encoding="UTF-8"?>
<configurationDescriptor version="80">
  <logicalFolder name="root" displayName="root" projectFiles="true" kind="ROOT">
    <logicalFolder name="HeaderFiles"
                   displayName="Header Files"
                   projectFiles="true">
    </logicalFolder>
    <logicalFolder name="ResourceFiles"
                   displayName="Resource Files"
                   projectFiles="true">
    </logicalFolder>
    <logicalFolder name="SourceFiles"
                   displayName="Source Files"
                   projectFiles="true">
      <logicalFolder name="src" displayName="src" projectFiles="true">
        <logicalFolder name="panels" displayName="panels" projectFiles="true">
          <itemPath>../../../src/panels/Anon_AuiNotebook.cpp</itemPath>
          <itemPath>../../../src/panels/Anon_AuiNotebook.h</itemPath>
          <itemPath>../../../src/panels/Anon_GraphEditor.cpp</itemPath>
          <itemPath>../../../src/panels/Anon_GraphEditor.h</itemPath>
          <itemPath>../../../src/panels/Anon_Inspector.cpp</itemPath>
          <itemPath>../../../src/panels/Anon_Inspector.h</itemPath>
          <itemPath>../../../src/panels/Anon_MainToolBar.cpp</itemPath>
          <itemPath>../../../src/panels/Anon_MainToolBar.h</itemPath>
          <itemPath>../../../src/panels/Anon_Outliner.cpp</itemPath>
          <itemPath>../../../src/panels/Anon_Outliner.h</itemPath>
          <itemPath>../../../src/panels/Anon_Panel.cpp</itemPath>
          <itemPath>../../../src/panels/Anon_Panel.h</itemPath>
          <itemPath>../../../src/panels/Anon_SceneViewer.cpp</itemPath>
          <itemPath>../../../src/panels/Anon_SceneViewer.h</itemPath>
          <itemPath>../../../src/panels/Anon_ToolBar.cpp</itemPath>
          <itemPath>../../../src/panels/Anon_ToolBar.h</itemPath>
          <itemPath>../../../src/panels/all_panels.h</itemPath>
        </logicalFolder>
        <logicalFolder name="widgets" displayName="widgets" projectFiles="true">
          <itemPath>../../../src/widgets/Anon_Dial.cpp</itemPath>
          <itemPath>../../../src/widgets/Anon_Dial.h</itemPath>
          <itemPath>../../../src/widgets/Anon_GLView.cpp</itemPath>
          <itemPath>../../../src/widgets/Anon_GLView.h</itemPath>
          <itemPath>../../../src/widgets/Anon_NumberCtrl.cpp</itemPath>
          <itemPath>../../../src/widgets/Anon_NumberCtrl.h</itemPath>
          <itemPath>../../../src/widgets/Anon_Slider.cpp</itemPath>
          <itemPath>../../../src/widgets/Anon_Slider.h</itemPath>
          <itemPath>../../../src/widgets/Anon_TreeView.cpp</itemPath>
          <itemPath>../../../src/widgets/Anon_TreeView.h</itemPath>
        </logicalFolder>
        <itemPath>../../../src/Anon_App.cpp</itemPath>
        <itemPath>../../../src/Anon_App.h</itemPath>
        <itemPath>../../../src/Anon_CameraController.cpp</itemPath>
        <itemPath>../../../src/Anon_CameraController.h</itemPath>
        <itemPath>../../../src/Anon_MainWindow.cpp</itemPath>
        <itemPath>../../../src/Anon_MainWindow.h</itemPath>
        <itemPath>../../../src/Anon_Settings.cpp</itemPath>
        <itemPath>../../../src/Anon_Settings.h</itemPath>
        <itemPath>../../../src/Anon_common.h</itemPath>
        <itemPath>../../../src/precompiled_header.cpp</itemPath>
        <itemPath>../../../src/precompiled_header.h</itemPath>
      </logicalFolder>
    </logicalFolder>
    <logicalFolder name="TestFiles"
                   displayName="Test Files"
                   projectFiles="false"
                   kind="TEST_LOGICAL_FOLDER">
    </logicalFolder>
    <logicalFolder name="ExternalFiles"
                   displayName="Important Files"
                   projectFiles="false"
                   kind="IMPORTANT_FILES_FOLDER">
      <itemPath>Makefile</itemPath>
    </logicalFolder>
  </logicalFolder>
  <sourceRootList>
    <Elem>../../../src</Elem>
  </sourceRootList>
  <projectmakefile>Makefile</projectmakefile>
  <confs>
    <conf name="Debug" type="1">
      <toolsSet>
        <remote-sources-mode>LOCAL_SOURCES</remote-sources-mode>
        <compilerSet>default</compilerSet>
      </toolsSet>
      <compileType>
        <ccTool>
          <incDir>
            <pElem>../../../../../include</pElem>
            <pElem>../../../../../../libax/include</pElem>
            <pElem>../../../../../../libax/include/ax/external/wxWidgets</pElem>
            <pElem>../../../../../../libax/include/ax/external/wxWidgets/gtk2-unicode-static-2.9</pElem>
          </incDir>
        </ccTool>
        <linkerTool>
          <linkerAddLib>
            <pElem>../../../../../../libax/lib/${CND_PLATFORM}/${CND_CONF}</pElem>
            <pElem>../../../../../lib/${CND_PLATFORM}/${CND_CONF}</pElem>
          </linkerAddLib>
          <linkerLibItems>
            <linkerLibStdlibItem>PosixThreads</linkerLibStdlibItem>
            <linkerLibStdlibItem>Mathematics</linkerLibStdlibItem>
            <linkerLibStdlibItem>DataCompression</linkerLibStdlibItem>
            <linkerOptionItem>-lanon</linkerOptionItem>
            <linkerOptionItem>-lax</linkerOptionItem>
            <linkerOptionItem>-lglib-2.0</linkerOptionItem>
            <linkerOptionItem>-lgdk-x11-2.0</linkerOptionItem>
            <linkerOptionItem>-lgdk_pixbuf-2.0</linkerOptionItem>
            <linkerOptionItem>-lgtk-x11-2.0</linkerOptionItem>
            <linkerOptionItem>-lwx_gtk2u_aui-2.9</linkerOptionItem>
            <linkerOptionItem>-lwx_gtk2u_adv-2.9</linkerOptionItem>
            <linkerOptionItem>-lwx_gtk2u_gl-2.9</linkerOptionItem>
            <linkerOptionItem>-lwx_gtk2u_core-2.9</linkerOptionItem>
            <linkerOptionItem>-lwxjpeg-2.9</linkerOptionItem>
            <linkerOptionItem>-lwx_baseu-2.9</linkerOptionItem>
            <linkerOptionItem>-lcairo</linkerOptionItem>
            <linkerOptionItem>-lpango-1.0</linkerOptionItem>
            <linkerOptionItem>-lpangocairo-1.0</linkerOptionItem>
            <linkerOptionItem>-lX11</linkerOptionItem>
            <linkerOptionItem>-lrt</linkerOptionItem>
            <linkerOptionItem>-lgobject-2.0</linkerOptionItem>
            <linkerOptionItem>-lgthread-2.0</linkerOptionItem>
            <linkerOptionItem>-lpng</linkerOptionItem>
            <linkerOptionItem>-lSM</linkerOptionItem>
            <linkerOptionItem>-lGL</linkerOptionItem>
            <linkerOptionItem>-lXxf86vm</linkerOptionItem>
            <linkerOptionItem>-lwxtiff-2.9</linkerOptionItem>
            <linkerOptionItem>-lwx_baseu_net-2.9</linkerOptionItem>
            <linkerLibStdlibItem>DynamicLinking</linkerLibStdlibItem>
          </linkerLibItems>
        </linkerTool>
      </compileType>
    </conf>
    <conf name="Release" type="1">
      <toolsSet>
        <remote-sources-mode>LOCAL_SOURCES</remote-sources-mode>
        <compilerSet>default</compilerSet>
      </toolsSet>
      <compileType>
        <cTool>
          <developmentMode>5</developmentMode>
        </cTool>
        <ccTool>
          <developmentMode>5</developmentMode>
          <incDir>
            <pElem>../../../../../include</pElem>
            <pElem>../../../../../../libax/include</pElem>
            <pElem>../../../../../../libax/include/ax/external/wxWidgets</pElem>
            <pElem>../../../../../../libax/include/ax/external/wxWidgets/gtk2-unicode-static-2.9</pElem>
          </incDir>
        </ccTool>
        <fortranCompilerTool>
          <developmentMode>5</developmentMode>
        </fortranCompilerTool>
        <asmTool>
          <developmentMode>5</developmentMode>
        </asmTool>
        <linkerTool>
          <linkerAddLib>
            <pElem>../../../../../../libax/lib/${CND_PLATFORM}/${CND_CONF}</pElem>
            <pElem>../../../../../lib/${CND_PLATFORM}/${CND_CONF}</pElem>
          </linkerAddLib>
          <linkerLibItems>
            <linkerLibStdlibItem>PosixThreads</linkerLibStdlibItem>
            <linkerLibStdlibItem>Mathematics</linkerLibStdlibItem>
            <linkerLibStdlibItem>DataCompression</linkerLibStdlibItem>
            <linkerOptionItem>-lanon</linkerOptionItem>
            <linkerOptionItem>-lax</linkerOptionItem>
            <linkerOptionItem>-lglib-2.0</linkerOptionItem>
            <linkerOptionItem>-lgdk-x11-2.0</linkerOptionItem>
            <linkerOptionItem>-lgdk_pixbuf-2.0</linkerOptionItem>
            <linkerOptionItem>-lgtk-x11-2.0</linkerOptionItem>
            <linkerOptionItem>-lwx_gtk2u_aui-2.9</linkerOptionItem>
            <linkerOptionItem>-lwx_gtk2u_adv-2.9</linkerOptionItem>
            <linkerOptionItem>-lwx_gtk2u_gl-2.9</linkerOptionItem>
            <linkerOptionItem>-lwx_gtk2u_core-2.9</linkerOptionItem>
            <linkerOptionItem>-lwxjpeg-2.9</linkerOptionItem>
            <linkerOptionItem>-lwx_baseu-2.9</linkerOptionItem>
            <linkerOptionItem>-lcairo</linkerOptionItem>
            <linkerOptionItem>-lpango-1.0</linkerOptionItem>
            <linkerOptionItem>-lpangocairo-1.0</linkerOptionItem>
            <linkerOptionItem>-lX11</linkerOptionItem>
            <linkerOptionItem>-lrt</linkerOptionItem>
            <linkerOptionItem>-lgobject-2.0</linkerOptionItem>
            <linkerOptionItem>-lgthread-2.0</linkerOptionItem>
            <linkerOptionItem>-lpng</linkerOptionItem>
            <linkerOptionItem>-lSM</linkerOptionItem>
            <linkerOptionItem>-lGL</linkerOptionItem>
            <linkerOptionItem>-lXxf86vm</linkerOptionItem>
            <linkerOptionItem>-lwxtiff-2.9</linkerOptionItem>
            <linkerOptionItem>-lwx_baseu_net-2.9</linkerOptionItem>
            <linkerLibStdlibItem>DynamicLinking</linkerLibStdlibItem>
          </linkerLibItems>
        </linkerTool>
      </compileType>
    </conf>
  </confs>
</configurationDescriptor>
