<?xml version="1.0" encoding="UTF-8"?>
<configurationDescriptor version="79">
  <logicalFolder name="root" displayName="root" projectFiles="true" kind="ROOT">
    <logicalFolder name="include" displayName="include" projectFiles="true">
      <logicalFolder name="base" displayName="base" projectFiles="true">
        <logicalFolder name="common" displayName="common" projectFiles="true">
          <itemPath>../../../../../include/ax/base/common/axNonCopyable.h</itemPath>
          <itemPath>../../../../../include/ax/base/common/axSize.h</itemPath>
          <itemPath>../../../../../include/ax/base/common/axStatus.h</itemPath>
          <itemPath>../../../../../include/ax/base/common/axStatus_enum.h</itemPath>
          <itemPath>../../../../../include/ax/base/common/axTypeOf.h</itemPath>
          <itemPath>../../../../../include/ax/base/common/ax_byteorder.h</itemPath>
          <itemPath>../../../../../include/ax/base/common/ax_common.h</itemPath>
          <itemPath>../../../../../include/ax/base/common/ax_macro.h</itemPath>
          <itemPath>../../../../../include/ax/base/common/ax_math_template.h</itemPath>
          <itemPath>../../../../../include/ax/base/common/ax_utility.h</itemPath>
        </logicalFolder>
        <logicalFolder name="data_structure"
                       displayName="data_structure"
                       projectFiles="true">
          <itemPath>../../../../../include/ax/base/data_structure/axArray.h</itemPath>
          <itemPath>../../../../../include/ax/base/data_structure/axArray0.h</itemPath>
          <itemPath>../../../../../include/ax/base/data_structure/axArray_types.h</itemPath>
          <itemPath>../../../../../include/ax/base/data_structure/axAutoPtr.h</itemPath>
          <itemPath>../../../../../include/ax/base/data_structure/axDList.h</itemPath>
          <itemPath>../../../../../include/ax/base/data_structure/axExternalArray.h</itemPath>
          <itemPath>../../../../../include/ax/base/data_structure/axHashTable.h</itemPath>
          <itemPath>../../../../../include/ax/base/data_structure/axIArray.h</itemPath>
          <itemPath>../../../../../include/ax/base/data_structure/axLocalArray.h</itemPath>
          <itemPath>../../../../../include/ax/base/data_structure/axPtr.h</itemPath>
        </logicalFolder>
        <logicalFolder name="other" displayName="other" projectFiles="true">
          <itemPath>../../../../../include/ax/base/other/axSerializer.h</itemPath>
          <itemPath>../../../../../include/ax/base/other/ax_objc.h</itemPath>
        </logicalFolder>
        <logicalFolder name="platform" displayName="platform" projectFiles="true">
          <itemPath>../../../../../include/ax/base/platform/ax_compiler_gcc.h</itemPath>
          <itemPath>../../../../../include/ax/base/platform/ax_compiler_vc.h</itemPath>
          <itemPath>../../../../../include/ax/base/platform/ax_os_android.h</itemPath>
          <itemPath>../../../../../include/ax/base/platform/ax_os_freebsd.h</itemPath>
          <itemPath>../../../../../include/ax/base/platform/ax_os_iOS.h</itemPath>
          <itemPath>../../../../../include/ax/base/platform/ax_os_linux.h</itemPath>
          <itemPath>../../../../../include/ax/base/platform/ax_os_mac.h</itemPath>
          <itemPath>../../../../../include/ax/base/platform/ax_os_unix.h</itemPath>
          <itemPath>../../../../../include/ax/base/platform/ax_os_win.h</itemPath>
          <itemPath>../../../../../include/ax/base/platform/ax_platform.h</itemPath>
        </logicalFolder>
        <logicalFolder name="string" displayName="string" projectFiles="true">
          <itemPath>../../../../../include/ax/base/string/axConstString.h</itemPath>
          <itemPath>../../../../../include/ax/base/string/axExternalString.h</itemPath>
          <itemPath>../../../../../include/ax/base/string/axFilePath.h</itemPath>
          <itemPath>../../../../../include/ax/base/string/axIString.h</itemPath>
          <itemPath>../../../../../include/ax/base/string/axJSONSerializer.h</itemPath>
          <itemPath>../../../../../include/ax/base/string/axLocalString.h</itemPath>
          <itemPath>../../../../../include/ax/base/string/axString.h</itemPath>
          <itemPath>../../../../../include/ax/base/string/axStringFormat.h</itemPath>
          <itemPath>../../../../../include/ax/base/string/axStringFormat_Imp.h</itemPath>
          <itemPath>../../../../../include/ax/base/string/axStringFormat_out_Imp.h</itemPath>
          <itemPath>../../../../../include/ax/base/string/axString_Array.h</itemPath>
          <itemPath>../../../../../include/ax/base/string/axString_cout_support.h</itemPath>
          <itemPath>../../../../../include/ax/base/string/ax_c_str.h</itemPath>
          <itemPath>../../../../../include/ax/base/string/ax_print.h</itemPath>
          <itemPath>../../../../../include/ax/base/string/ax_str_to.h</itemPath>
          <itemPath>../../../../../include/ax/base/string/ax_string.h</itemPath>
          <itemPath>../../../../../include/ax/base/string/ax_utf8.h</itemPath>
        </logicalFolder>
        <logicalFolder name="time" displayName="time" projectFiles="true">
          <itemPath>../../../../../include/ax/base/time/axDate.h</itemPath>
          <itemPath>../../../../../include/ax/base/time/axDateTime.h</itemPath>
          <itemPath>../../../../../include/ax/base/time/axStopWatch.h</itemPath>
          <itemPath>../../../../../include/ax/base/time/axTime.h</itemPath>
          <itemPath>../../../../../include/ax/base/time/axTimeStamp.h</itemPath>
        </logicalFolder>
      </logicalFolder>
      <logicalFolder name="core" displayName="core" projectFiles="true">
        <logicalFolder name="database" displayName="database" projectFiles="true">
          <itemPath>../../../../../include/ax/core/database/axDBConn.h</itemPath>
          <itemPath>../../../../../include/ax/core/database/axDBStmt.h</itemPath>
          <itemPath>../../../../../include/ax/core/database/axDB_common.h</itemPath>
        </logicalFolder>
        <logicalFolder name="file_system" displayName="file_system" projectFiles="true">
          <itemPath>../../../../../include/ax/core/file_system/all_file_system.h</itemPath>
          <itemPath>../../../../../include/ax/core/file_system/axFile.h</itemPath>
          <itemPath>../../../../../include/ax/core/file_system/axFileStream.h</itemPath>
          <itemPath>../../../../../include/ax/core/file_system/axFileSystem.h</itemPath>
          <itemPath>../../../../../include/ax/core/file_system/axMemMap.h</itemPath>
        </logicalFolder>
        <logicalFolder name="lang_table" displayName="lang_table" projectFiles="true">
          <itemPath>../../../../../include/ax/core/lang_table/all_lang_table.h</itemPath>
          <itemPath>../../../../../include/ax/core/lang_table/axLangTable.h</itemPath>
          <itemPath>../../../../../include/ax/core/lang_table/axLocation_enum.h</itemPath>
        </logicalFolder>
        <logicalFolder name="math" displayName="math" projectFiles="true">
          <itemPath>../../../../../include/ax/core/math/all_math.h</itemPath>
          <itemPath>../../../../../include/ax/core/math/axBBox3.h</itemPath>
          <itemPath>../../../../../include/ax/core/math/axEulerRotation3.h</itemPath>
          <itemPath>../../../../../include/ax/core/math/axFrustum3.h</itemPath>
          <itemPath>../../../../../include/ax/core/math/axIntersect3.h</itemPath>
          <itemPath>../../../../../include/ax/core/math/axMargin2.h</itemPath>
          <itemPath>../../../../../include/ax/core/math/axMatrix4.h</itemPath>
          <itemPath>../../../../../include/ax/core/math/axPlane3.h</itemPath>
          <itemPath>../../../../../include/ax/core/math/axQuaternion.h</itemPath>
          <itemPath>../../../../../include/ax/core/math/axRay3.h</itemPath>
          <itemPath>../../../../../include/ax/core/math/axRect2.h</itemPath>
          <itemPath>../../../../../include/ax/core/math/axVec2.h</itemPath>
          <itemPath>../../../../../include/ax/core/math/axVec3.h</itemPath>
          <itemPath>../../../../../include/ax/core/math/axVec4.h</itemPath>
          <itemPath>../../../../../include/ax/core/math/axVec_Str.h</itemPath>
          <itemPath>../../../../../include/ax/core/math/ax_math_angle.h</itemPath>
        </logicalFolder>
        <logicalFolder name="net" displayName="net" projectFiles="true">
          <itemPath>../../../../../include/ax/core/net/axSockAddr.h</itemPath>
          <itemPath>../../../../../include/ax/core/net/axSocket.h</itemPath>
        </logicalFolder>
        <logicalFolder name="parser" displayName="parser" projectFiles="true">
          <itemPath>../../../../../include/ax/core/parser/axCSVParser.h</itemPath>
          <itemPath>../../../../../include/ax/core/parser/axIniParser.h</itemPath>
        </logicalFolder>
        <logicalFolder name="pointer" displayName="pointer" projectFiles="true">
          <itemPath>../../../../../include/ax/core/pointer/axSharedPtr.h</itemPath>
        </logicalFolder>
        <logicalFolder name="system" displayName="system" projectFiles="true">
          <itemPath>../../../../../include/ax/core/system/all_system.h</itemPath>
          <itemPath>../../../../../include/ax/core/system/axAndroid.h</itemPath>
          <itemPath>../../../../../include/ax/core/system/axApp.h</itemPath>
          <itemPath>../../../../../include/ax/core/system/axCommandLineApp.h</itemPath>
          <itemPath>../../../../../include/ax/core/system/axExecute.h</itemPath>
          <itemPath>../../../../../include/ax/core/system/axLog.h</itemPath>
          <itemPath>../../../../../include/ax/core/system/axSharedLibrary.h</itemPath>
          <itemPath>../../../../../include/ax/core/system/axSystem.h</itemPath>
          <itemPath>../../../../../include/ax/core/system/ax_poll.h</itemPath>
        </logicalFolder>
        <logicalFolder name="thread" displayName="thread" projectFiles="true">
          <itemPath>../../../../../include/ax/core/thread/axAtomicInt.h</itemPath>
          <itemPath>../../../../../include/ax/core/thread/axCondVar.h</itemPath>
          <itemPath>../../../../../include/ax/core/thread/axMTQueue.h</itemPath>
          <itemPath>../../../../../include/ax/core/thread/axMutex.h</itemPath>
          <itemPath>../../../../../include/ax/core/thread/axSpinLock.h</itemPath>
          <itemPath>../../../../../include/ax/core/thread/axThread.h</itemPath>
          <itemPath>../../../../../include/ax/core/thread/axThreadPool.h</itemPath>
          <itemPath>../../../../../include/ax/core/thread/axTimerThread.h</itemPath>
        </logicalFolder>
      </logicalFolder>
      <itemPath>../../../../../include/ax/ax_base.h</itemPath>
      <itemPath>../../../../../include/ax/ax_core.h</itemPath>
    </logicalFolder>
    <logicalFolder name="ResourceFiles"
                   displayName="Resource Files"
                   projectFiles="true">
    </logicalFolder>
    <logicalFolder name="f1" displayName="Source Files" projectFiles="true">
      <logicalFolder name="src" displayName="src" projectFiles="true">
        <logicalFolder name="database" displayName="database" projectFiles="true">
          <itemPath>../../../src/database/axDBConn.cpp</itemPath>
          <itemPath>../../../src/database/axDBStmt.cpp</itemPath>
        </logicalFolder>
        <logicalFolder name="file_system" displayName="file_system" projectFiles="true">
          <itemPath>../../../src/file_system/axFile.cpp</itemPath>
          <itemPath>../../../src/file_system/axFileStream.cpp</itemPath>
          <itemPath>../../../src/file_system/axFileSystem.cpp</itemPath>
          <itemPath>../../../src/file_system/axMemMap.cpp</itemPath>
        </logicalFolder>
        <logicalFolder name="lang_table" displayName="lang_table" projectFiles="true">
          <itemPath>../../../src/lang_table/axLangTable.cpp</itemPath>
        </logicalFolder>
        <logicalFolder name="math" displayName="math" projectFiles="true">
          <itemPath>../../../src/math/axEulerRotation3.cpp</itemPath>
          <itemPath>../../../src/math/axFrustum3.cpp</itemPath>
          <itemPath>../../../src/math/axIntersect3.cpp</itemPath>
          <itemPath>../../../src/math/axMatrix4.cpp</itemPath>
          <itemPath>../../../src/math/axQuaternion.cpp</itemPath>
          <itemPath>../../../src/math/axRay3.cpp</itemPath>
          <itemPath>../../../src/math/axRect2.cpp</itemPath>
          <itemPath>../../../src/math/axVec3.cpp</itemPath>
          <itemPath>../../../src/math/axVec4.cpp</itemPath>
          <itemPath>../../../src/math/axVec_Str.cpp</itemPath>
        </logicalFolder>
        <logicalFolder name="net" displayName="net" projectFiles="true">
          <itemPath>../../../src/net/axSockAddr.cpp</itemPath>
          <itemPath>../../../src/net/axSocket.cpp</itemPath>
        </logicalFolder>
        <logicalFolder name="parser" displayName="parser" projectFiles="true">
          <itemPath>../../../src/parser/axCSVParser.cpp</itemPath>
          <itemPath>../../../src/parser/axIniParser.cpp</itemPath>
        </logicalFolder>
        <logicalFolder name="precompiled_header"
                       displayName="precompiled_header"
                       projectFiles="true">
          <itemPath>../../../src/precompiled_header/precompiled_header.cpp</itemPath>
          <itemPath>../../../src/precompiled_header/precompiled_header.h</itemPath>
        </logicalFolder>
        <logicalFolder name="system" displayName="system" projectFiles="true">
          <itemPath>../../../src/system/axAndroid.cpp</itemPath>
          <itemPath>../../../src/system/axApp.cpp</itemPath>
          <itemPath>../../../src/system/axCommandLineApp.cpp</itemPath>
          <itemPath>../../../src/system/axExecute.cpp</itemPath>
          <itemPath>../../../src/system/axLog.cpp</itemPath>
          <itemPath>../../../src/system/axSharedLibrary.cpp</itemPath>
          <itemPath>../../../src/system/axSystem.cpp</itemPath>
          <itemPath>../../../src/system/ax_poll.cpp</itemPath>
        </logicalFolder>
        <logicalFolder name="thread" displayName="thread" projectFiles="true">
          <itemPath>../../../src/thread/axCondVar.cpp</itemPath>
          <itemPath>../../../src/thread/axMTQueue.cpp</itemPath>
          <itemPath>../../../src/thread/axMutex.cpp</itemPath>
          <itemPath>../../../src/thread/axThread.cpp</itemPath>
        </logicalFolder>
      </logicalFolder>
    </logicalFolder>
    <logicalFolder name="TestFiles"
                   displayName="Test Files"
                   projectFiles="false"
                   kind="TEST_LOGICAL_FOLDER">
    </logicalFolder>
    <logicalFolder name="ExternalFiles"
                   displayName="Important Files"
                   projectFiles="false"
                   kind="IMPORTANT_FILES_FOLDER">
      <itemPath>Makefile</itemPath>
      <itemPath>../../../../../projects/NetBeans/libax.mk</itemPath>
      <itemPath>precompiled_header.mk</itemPath>
    </logicalFolder>
    <itemPath>../../../../../TODO.txt</itemPath>
  </logicalFolder>
  <sourceRootList>
    <Elem>../../../include</Elem>
    <Elem>../../../src</Elem>
    <Elem>../../../../../include/ax/base</Elem>
    <Elem>../../../../../include/ax/core</Elem>
  </sourceRootList>
  <projectmakefile>Makefile</projectmakefile>
  <confs>
    <conf name="Debug" type="3">
      <toolsSet>
        <remote-sources-mode>LOCAL_SOURCES</remote-sources-mode>
        <compilerSet>GNU|GNU</compilerSet>
      </toolsSet>
      <compileType>
        <ccTool>
          <commandlineTool>g++</commandlineTool>
          <commandLine>${axCCFLAGS}</commandLine>
          <warningLevel>2</warningLevel>
        </ccTool>
        <archiverTool>
          <output>../../../../../lib/${axPLATFORM_LIB_PATH}/${CND_CONF}/libax.a</output>
        </archiverTool>
      </compileType>
    </conf>
    <conf name="Release" type="3">
      <toolsSet>
        <remote-sources-mode>LOCAL_SOURCES</remote-sources-mode>
        <compilerSet>default</compilerSet>
      </toolsSet>
      <compileType>
        <cTool>
          <developmentMode>5</developmentMode>
        </cTool>
        <ccTool>
          <developmentMode>5</developmentMode>
          <commandlineTool>g++</commandlineTool>
          <commandLine>${axCCFLAGS}</commandLine>
          <warningLevel>2</warningLevel>
        </ccTool>
        <fortranCompilerTool>
          <developmentMode>5</developmentMode>
        </fortranCompilerTool>
        <asmTool>
          <developmentMode>5</developmentMode>
        </asmTool>
        <archiverTool>
          <output>../../../../../lib/${axPLATFORM_LIB_PATH}/${CND_CONF}/libax.a</output>
        </archiverTool>
      </compileType>
    </conf>
  </confs>
</configurationDescriptor>
