<?xml version="1.0" encoding="UTF-8"?>
<configurationDescriptor version="79">
  <logicalFolder name="root" displayName="root" projectFiles="true" kind="ROOT">
    <logicalFolder name="HeaderFiles"
                   displayName="Header Files"
                   projectFiles="true">
      <itemPath>../../../../../include/ax/axDB_SQLite3.h</itemPath>
    </logicalFolder>
    <logicalFolder name="ResourceFiles"
                   displayName="Resource Files"
                   projectFiles="true">
    </logicalFolder>
    <logicalFolder name="SourceFiles"
                   displayName="Source Files"
                   projectFiles="true">
      <logicalFolder name="src" displayName="src" projectFiles="true">
        <itemPath>../../../src/axDBConn_SQLite3.cpp</itemPath>
        <itemPath>../../../src/axDBConn_SQLite3.h</itemPath>
        <itemPath>../../../src/axDBStmt_SQLite3.cpp</itemPath>
        <itemPath>../../../src/axDBStmt_SQLite3.h</itemPath>
      </logicalFolder>
    </logicalFolder>
    <logicalFolder name="TestFiles"
                   displayName="Test Files"
                   projectFiles="false"
                   kind="TEST_LOGICAL_FOLDER">
    </logicalFolder>
    <logicalFolder name="ExternalFiles"
                   displayName="Important Files"
                   projectFiles="false"
                   kind="IMPORTANT_FILES_FOLDER">
      <itemPath>Makefile</itemPath>
      <itemPath>../../../../../projects/NetBeans/libax.mk</itemPath>
    </logicalFolder>
  </logicalFolder>
  <sourceRootList>
    <Elem>../../../src</Elem>
  </sourceRootList>
  <projectmakefile>Makefile</projectmakefile>
  <confs>
    <conf name="Debug" type="3">
      <toolsSet>
        <remote-sources-mode>LOCAL_SOURCES</remote-sources-mode>
        <compilerSet>default</compilerSet>
      </toolsSet>
      <compileType>
        <ccTool>
          <commandLine>${axCCFLAGS}</commandLine>
        </ccTool>
        <archiverTool>
          <output>${libax_path}/lib/${axPLATFORM_LIB_PATH}/${CND_CONF}/libaxDB_SQLite3.a</output>
        </archiverTool>
      </compileType>
    </conf>
    <conf name="Release" type="3">
      <toolsSet>
        <remote-sources-mode>LOCAL_SOURCES</remote-sources-mode>
        <compilerSet>default</compilerSet>
      </toolsSet>
      <compileType>
        <cTool>
          <developmentMode>5</developmentMode>
        </cTool>
        <ccTool>
          <developmentMode>5</developmentMode>
          <commandLine>${axCCFLAGS}</commandLine>
        </ccTool>
        <fortranCompilerTool>
          <developmentMode>5</developmentMode>
        </fortranCompilerTool>
        <asmTool>
          <developmentMode>5</developmentMode>
        </asmTool>
        <archiverTool>
          <output>${libax_path}/lib/${axPLATFORM_LIB_PATH}/${CND_CONF}/libaxDB_SQLite3.a</output>
        </archiverTool>
      </compileType>
    </conf>
  </confs>
</configurationDescriptor>
